player_id,signup_date,country
P000,2026-04-07 17:03:35.564406,Germany
P001,2026-04-17 17:03:35.564406,Germany
P002,2026-04-12 17:03:35.564406,USA
P003,2026-03-19 17:03:35.564406,USA
P004,2026-03-31 17:03:35.564406,Brazil
P005,2026-04-10 17:03:35.564406,Brazil
P006,2026-03-26 17:03:35.564406,USA
P007,2026-03-23 17:03:35.564406,UK
P008,2026-04-14 17:03:35.564406,India
P009,2026-03-28 17:03:35.564406,India
P010,2026-03-30 17:03:35.564406,UK
P011,2026-04-08 17:03:35.564406,UK
P012,2026-03-25 17:03:35.564406,India
P013,2026-04-02 17:03:35.564406,USA
P014,2026-04-07 17:03:35.564406,Canada
P015,2026-04-04 17:03:35.564406,Brazil
P016,2026-04-10 17:03:35.564406,Germany
P017,2026-04-11 17:03:35.564406,India
P018,2026-03-22 17:03:35.564406,Brazil
P019,2026-03-22 17:03:35.564406,UK
P020,2026-04-05 17:03:35.564406,USA
P021,2026-04-04 17:03:35.564406,USA
P022,2026-04-16 17:03:35.564406,UK
P023,2026-04-06 17:03:35.564406,India
P024,2026-03-26 17:03:35.564406,Brazil
P025,2026-04-08 17:03:35.564406,Germany
P026,2026-04-12 17:03:35.564406,UK
P027,2026-03-28 17:03:35.564406,USA
P028,2026-04-15 17:03:35.564406,Canada
P029,2026-04-17 17:03:35.564406,UK
P030,2026-03-23 17:03:35.564406,Germany
P031,2026-04-07 17:03:35.564406,Brazil
P032,2026-03-19 17:03:35.564406,Brazil
P033,2026-04-03 17:03:35.564406,Brazil
P034,2026-04-03 17:03:35.564406,Canada
P035,2026-03-19 17:03:35.564406,Canada
P036,2026-03-19 17:03:35.564406,India
P037,2026-03-31 17:03:35.564406,UK
P038,2026-04-08 17:03:35.564406,India
P039,2026-04-06 17:03:35.564406,Brazil
P040,2026-04-12 17:03:35.564406,UK
P041,2026-03-25 17:03:35.564406,Canada
P042,2026-03-23 17:03:35.564406,USA
P043,2026-04-13 17:03:35.564406,India
P044,2026-04-05 17:03:35.564406,Brazil
P045,2026-03-30 17:03:35.564406,Canada
P046,2026-04-14 17:03:35.564406,Canada
P047,2026-04-10 17:03:35.564406,USA
P048,2026-04-14 17:03:35.564406,Canada
P049,2026-04-16 17:03:35.564406,Germany
P050,2026-03-27 17:03:35.564406,USA
P051,2026-04-12 17:03:35.564406,India
P052,2026-04-15 17:03:35.564406,Canada
P053,2026-04-01 17:03:35.564406,Germany
P054,2026-04-15 17:03:35.564406,India
P055,2026-04-01 17:03:35.564406,USA
P056,2026-03-18 17:03:35.564406,Canada
P057,2026-03-25 17:03:35.564406,Brazil
P058,2026-04-02 17:03:35.564406,Brazil
P059,2026-03-20 17:03:35.564406,Brazil
P060,2026-04-17 17:03:35.564406,Brazil
P061,2026-04-05 17:03:35.564406,Canada
P062,2026-03-19 17:03:35.564406,Canada
P063,2026-04-12 17:03:35.564406,Germany
P064,2026-04-15 17:03:35.564406,Germany
P065,2026-03-28 17:03:35.564406,India
P066,2026-04-10 17:03:35.564406,USA
P067,2026-04-12 17:03:35.564406,Germany
P068,2026-03-18 17:03:35.564406,Canada
P069,2026-04-12 17:03:35.564406,USA
P070,2026-04-07 17:03:35.564406,India
P071,2026-03-30 17:03:35.564406,Brazil
P072,2026-03-24 17:03:35.564406,India
P073,2026-03-30 17:03:35.564406,Brazil
P074,2026-04-10 17:03:35.564406,UK
P075,2026-04-04 17:03:35.564406,Canada
P076,2026-04-08 17:03:35.564406,Canada
P077,2026-04-08 17:03:35.564406,USA
P078,2026-03-23 17:03:35.564406,Canada
P079,2026-04-13 17:03:35.564406,Brazil
P080,2026-04-04 17:03:35.564406,Germany
P081,2026-04-13 17:03:35.564406,Brazil
P082,2026-03-29 17:03:35.564406,UK
P083,2026-04-09 17:03:35.564406,India
P084,2026-04-01 17:03:35.564406,UK
P085,2026-03-24 17:03:35.564406,USA
P086,2026-04-08 17:03:35.564406,Canada
P087,2026-04-10 17:03:35.564406,India
P088,2026-04-01 17:03:35.564406,India
P089,2026-04-10 17:03:35.564406,Canada
P090,2026-03-29 17:03:35.564406,Canada
P091,2026-04-08 17:03:35.564406,Brazil
P092,2026-04-10 17:03:35.564406,India
P093,2026-04-01 17:03:35.564406,UK
P094,2026-03-26 17:03:35.564406,Germany
P095,2026-03-23 17:03:35.564406,India
P096,2026-04-02 17:03:35.564406,USA
P097,2026-03-19 17:03:35.564406,Germany
P098,2026-03-23 17:03:35.564406,Germany
P099,2026-04-10 17:03:35.564406,Canada
P100,2026-03-26 17:03:35.564406,USA
P101,2026-04-11 17:03:35.564406,Canada
P102,2026-04-16 17:03:35.564406,Canada
P103,2026-03-23 17:03:35.564406,USA
P104,2026-03-18 17:03:35.564406,UK
P105,2026-04-08 17:03:35.564406,Canada
P106,2026-04-13 17:03:35.564406,Brazil
P107,2026-03-27 17:03:35.564406,India
P108,2026-03-22 17:03:35.564406,Brazil
P109,2026-04-02 17:03:35.564406,Canada
P110,2026-03-23 17:03:35.564406,India
P111,2026-04-09 17:03:35.564406,India
P112,2026-03-26 17:03:35.564406,USA
P113,2026-04-08 17:03:35.564406,Germany
P114,2026-03-21 17:03:35.564406,Germany
P115,2026-04-04 17:03:35.564406,Brazil
P116,2026-04-07 17:03:35.564406,UK
P117,2026-04-05 17:03:35.564406,Germany
P118,2026-04-10 17:03:35.564406,USA
P119,2026-04-12 17:03:35.564406,Brazil
P120,2026-03-31 17:03:35.564406,India
P121,2026-04-05 17:03:35.564406,India
P122,2026-03-21 17:03:35.564406,Brazil
P123,2026-04-17 17:03:35.564406,India
P124,2026-03-28 17:03:35.564406,Canada
P125,2026-04-14 17:03:35.564406,India
P126,2026-04-02 17:03:35.564406,Canada
P127,2026-04-01 17:03:35.564406,USA
P128,2026-04-03 17:03:35.564406,India
P129,2026-04-07 17:03:35.564406,UK
P130,2026-04-10 17:03:35.564406,UK
P131,2026-04-09 17:03:35.564406,Brazil
P132,2026-04-12 17:03:35.564406,USA
P133,2026-04-04 17:03:35.564406,USA
P134,2026-03-22 17:03:35.564406,Canada
P135,2026-04-06 17:03:35.564406,Brazil
P136,2026-03-20 17:03:35.564406,India
P137,2026-04-06 17:03:35.564406,Brazil
P138,2026-03-18 17:03:35.564406,Brazil
P139,2026-04-15 17:03:35.564406,Brazil
P140,2026-04-11 17:03:35.564406,India
P141,2026-04-11 17:03:35.564406,Germany
P142,2026-04-01 17:03:35.564406,Canada
P143,2026-04-10 17:03:35.564406,USA
P144,2026-03-24 17:03:35.564406,Brazil
P145,2026-03-28 17:03:35.564406,India
P146,2026-04-06 17:03:35.564406,USA
P147,2026-03-24 17:03:35.564406,India
P148,2026-03-26 17:03:35.564406,Brazil
P149,2026-04-05 17:03:35.564406,India
P150,2026-03-24 17:03:35.564406,Germany
P151,2026-03-27 17:03:35.564406,Germany
P152,2026-04-15 17:03:35.564406,Brazil
P153,2026-04-16 17:03:35.564406,USA
P154,2026-04-04 17:03:35.564406,UK
P155,2026-04-16 17:03:35.564406,India
P156,2026-04-13 17:03:35.564406,USA
P157,2026-04-02 17:03:35.564406,UK
P158,2026-04-03 17:03:35.564406,Canada
P159,2026-03-27 17:03:35.564406,Brazil
P160,2026-04-12 17:03:35.564406,UK
P161,2026-04-07 17:03:35.564406,UK
P162,2026-03-31 17:03:35.564406,India
P163,2026-04-04 17:03:35.564406,Canada
P164,2026-04-01 17:03:35.564406,India
P165,2026-04-05 17:03:35.564406,Germany
P166,2026-04-10 17:03:35.564406,India
P167,2026-03-28 17:03:35.564406,India
P168,2026-03-21 17:03:35.564406,Germany
P169,2026-04-04 17:03:35.564406,India
P170,2026-04-03 17:03:35.564406,Brazil
P171,2026-03-23 17:03:35.564406,India
P172,2026-04-11 17:03:35.564406,USA
P173,2026-04-02 17:03:35.564406,India
P174,2026-04-02 17:03:35.564406,Germany
P175,2026-04-14 17:03:35.564406,Canada
P176,2026-03-28 17:03:35.564406,India
P177,2026-03-26 17:03:35.564406,Brazil
P178,2026-04-12 17:03:35.564406,India
P179,2026-03-18 17:03:35.564406,Germany
P180,2026-04-05 17:03:35.564406,USA
P181,2026-03-23 17:03:35.564406,India
P182,2026-04-03 17:03:35.564406,India
P183,2026-03-28 17:03:35.564406,Germany
P184,2026-03-25 17:03:35.564406,India
P185,2026-04-01 17:03:35.564406,Brazil
P186,2026-04-04 17:03:35.564406,Canada
P187,2026-03-24 17:03:35.564406,Canada
P188,2026-03-30 17:03:35.564406,Canada
P189,2026-04-10 17:03:35.564406,UK
P190,2026-03-22 17:03:35.564406,India
P191,2026-03-28 17:03:35.564406,USA
P192,2026-04-17 17:03:35.564406,India
P193,2026-03-19 17:03:35.564406,USA
P194,2026-03-22 17:03:35.564406,India
P195,2026-03-23 17:03:35.564406,India
P196,2026-04-14 17:03:35.564406,Germany
P197,2026-04-02 17:03:35.564406,Germany
P198,2026-04-17 17:03:35.564406,USA
P199,2026-04-09 17:03:35.564406,Canada
P200,2026-03-28 17:03:35.564406,USA
P201,2026-04-08 17:03:35.564406,UK
P202,2026-03-18 17:03:35.564406,India
P203,2026-03-31 17:03:35.564406,UK
P204,2026-03-24 17:03:35.564406,UK
P205,2026-04-10 17:03:35.564406,India
P206,2026-03-23 17:03:35.564406,Germany
P207,2026-04-02 17:03:35.564406,Canada
P208,2026-04-08 17:03:35.564406,UK
P209,2026-03-25 17:03:35.564406,USA
P210,2026-03-28 17:03:35.564406,Canada
P211,2026-03-29 17:03:35.564406,USA
P212,2026-04-01 17:03:35.564406,India
P213,2026-04-03 17:03:35.564406,India
P214,2026-04-17 17:03:35.564406,Germany
P215,2026-04-11 17:03:35.564406,UK
P216,2026-03-19 17:03:35.564406,UK
P217,2026-04-05 17:03:35.564406,Canada
P218,2026-04-06 17:03:35.564406,Brazil
P219,2026-03-27 17:03:35.564406,USA
P220,2026-04-14 17:03:35.564406,Canada
P221,2026-03-25 17:03:35.564406,Brazil
P222,2026-04-01 17:03:35.564406,Canada
P223,2026-04-13 17:03:35.564406,USA
P224,2026-03-31 17:03:35.564406,USA
P225,2026-04-11 17:03:35.564406,UK
P226,2026-03-30 17:03:35.564406,Brazil
P227,2026-03-23 17:03:35.564406,USA
P228,2026-04-11 17:03:35.564406,Germany
P229,2026-04-01 17:03:35.564406,India
P230,2026-03-29 17:03:35.564406,Germany
P231,2026-04-11 17:03:35.564406,Germany
P232,2026-04-05 17:03:35.564406,Brazil
P233,2026-03-30 17:03:35.564406,USA
P234,2026-04-04 17:03:35.564406,Brazil
P235,2026-04-07 17:03:35.564406,Canada
P236,2026-04-14 17:03:35.564406,Brazil
P237,2026-04-04 17:03:35.564406,Canada
P238,2026-03-20 17:03:35.564406,Canada
P239,2026-03-28 17:03:35.564406,Canada
P240,2026-03-23 17:03:35.564406,Brazil
P241,2026-04-01 17:03:35.564406,India
P242,2026-03-23 17:03:35.564406,India
P243,2026-03-25 17:03:35.564406,Brazil
P244,2026-03-25 17:03:35.564406,USA
P245,2026-03-29 17:03:35.564406,UK
P246,2026-04-04 17:03:35.564406,India
P247,2026-03-19 17:03:35.564406,India
P248,2026-03-22 17:03:35.564406,India
P249,2026-04-03 17:03:35.564406,USA
P250,2026-04-09 17:03:35.564406,Germany
P251,2026-04-04 17:03:35.564406,Germany
P252,2026-04-02 17:03:35.564406,UK
P253,2026-03-26 17:03:35.564406,Germany
P254,2026-04-17 17:03:35.564406,India
P255,2026-03-23 17:03:35.564406,Germany
P256,2026-04-08 17:03:35.564406,India
P257,2026-04-15 17:03:35.564406,UK
P258,2026-03-26 17:03:35.564406,UK
P259,2026-04-09 17:03:35.564406,Brazil
P260,2026-03-19 17:03:35.564406,India
P261,2026-03-22 17:03:35.564406,Brazil
P262,2026-03-22 17:03:35.564406,Canada
P263,2026-04-10 17:03:35.564406,Canada
P264,2026-04-01 17:03:35.564406,USA
P265,2026-03-22 17:03:35.564406,India
P266,2026-04-16 17:03:35.564406,Brazil
P267,2026-03-30 17:03:35.564406,UK
P268,2026-04-12 17:03:35.564406,Germany
P269,2026-03-19 17:03:35.564406,Brazil
P270,2026-04-06 17:03:35.564406,USA
P271,2026-04-07 17:03:35.564406,Germany
P272,2026-04-15 17:03:35.564406,Canada
P273,2026-04-09 17:03:35.564406,UK
P274,2026-04-02 17:03:35.564406,UK
P275,2026-03-20 17:03:35.564406,UK
P276,2026-04-12 17:03:35.564406,USA
P277,2026-04-09 17:03:35.564406,Brazil
P278,2026-03-27 17:03:35.564406,Germany
P279,2026-04-14 17:03:35.564406,Germany
P280,2026-03-27 17:03:35.564406,Canada
P281,2026-03-21 17:03:35.564406,Germany
P282,2026-04-07 17:03:35.564406,Brazil
P283,2026-03-31 17:03:35.564406,UK
P284,2026-04-09 17:03:35.564406,Brazil
P285,2026-03-20 17:03:35.564406,Canada
P286,2026-04-08 17:03:35.564406,India
P287,2026-03-31 17:03:35.564406,India
P288,2026-04-05 17:03:35.564406,UK
P289,2026-03-25 17:03:35.564406,Brazil
P290,2026-04-03 17:03:35.564406,Canada
P291,2026-04-10 17:03:35.564406,USA
P292,2026-03-26 17:03:35.564406,India
P293,2026-03-26 17:03:35.564406,UK
P294,2026-04-07 17:03:35.564406,Canada
P295,2026-04-09 17:03:35.564406,Germany
P296,2026-03-31 17:03:35.564406,Brazil
P297,2026-03-31 17:03:35.564406,USA
P298,2026-04-03 17:03:35.564406,India
P299,2026-04-13 17:03:35.564406,UK
P300,2026-03-28 17:03:35.564406,India
P301,2026-04-14 17:03:35.564406,Canada
P302,2026-03-21 17:03:35.564406,Canada
P303,2026-04-17 17:03:35.564406,Germany
P304,2026-04-08 17:03:35.564406,India
P305,2026-04-12 17:03:35.564406,Canada
P306,2026-04-12 17:03:35.564406,Canada
P307,2026-03-18 17:03:35.564406,Canada
P308,2026-04-12 17:03:35.564406,Canada
P309,2026-03-31 17:03:35.564406,Canada
P310,2026-03-27 17:03:35.564406,Canada
P311,2026-03-30 17:03:35.564406,Canada
P312,2026-04-08 17:03:35.564406,Brazil
P313,2026-04-10 17:03:35.564406,Brazil
P314,2026-03-25 17:03:35.564406,USA
P315,2026-03-27 17:03:35.564406,Brazil
P316,2026-04-16 17:03:35.564406,India
P317,2026-04-07 17:03:35.564406,India
P318,2026-04-03 17:03:35.564406,Germany
P319,2026-04-05 17:03:35.564406,Germany
P320,2026-03-30 17:03:35.564406,UK
P321,2026-03-27 17:03:35.564406,Germany
P322,2026-03-25 17:03:35.564406,Brazil
P323,2026-04-16 17:03:35.564406,India
P324,2026-04-17 17:03:35.564406,UK
P325,2026-04-13 17:03:35.564406,Germany
P326,2026-03-25 17:03:35.564406,India
P327,2026-04-14 17:03:35.564406,USA
P328,2026-03-28 17:03:35.564406,USA
P329,2026-03-31 17:03:35.564406,Brazil
P330,2026-03-21 17:03:35.564406,UK
P331,2026-04-01 17:03:35.564406,Brazil
P332,2026-03-26 17:03:35.564406,Germany
P333,2026-03-28 17:03:35.564406,Canada
P334,2026-04-09 17:03:35.564406,Germany
P335,2026-03-31 17:03:35.564406,UK
P336,2026-03-23 17:03:35.564406,Canada
P337,2026-04-11 17:03:35.564406,Canada
P338,2026-03-25 17:03:35.564406,Canada
P339,2026-04-02 17:03:35.564406,Germany
P340,2026-03-25 17:03:35.564406,Canada
P341,2026-03-22 17:03:35.564406,Canada
P342,2026-03-28 17:03:35.564406,Germany
P343,2026-04-12 17:03:35.564406,UK
P344,2026-04-09 17:03:35.564406,UK
P345,2026-04-07 17:03:35.564406,India
P346,2026-03-21 17:03:35.564406,USA
P347,2026-03-19 17:03:35.564406,India
P348,2026-04-11 17:03:35.564406,USA
P349,2026-04-17 17:03:35.564406,India
P350,2026-03-26 17:03:35.564406,UK
P351,2026-03-28 17:03:35.564406,Brazil
P352,2026-04-07 17:03:35.564406,UK
P353,2026-04-14 17:03:35.564406,UK
P354,2026-03-22 17:03:35.564406,USA
P355,2026-03-24 17:03:35.564406,USA
P356,2026-04-01 17:03:35.564406,USA
P357,2026-03-21 17:03:35.564406,Germany
P358,2026-04-02 17:03:35.564406,USA
P359,2026-04-11 17:03:35.564406,India
P360,2026-03-18 17:03:35.564406,India
P361,2026-03-27 17:03:35.564406,UK
P362,2026-04-17 17:03:35.564406,Brazil
P363,2026-04-17 17:03:35.564406,Germany
P364,2026-03-29 17:03:35.564406,UK
P365,2026-04-11 17:03:35.564406,India
P366,2026-03-21 17:03:35.564406,USA
P367,2026-03-24 17:03:35.564406,India
P368,2026-04-12 17:03:35.564406,India
P369,2026-03-22 17:03:35.564406,USA
P370,2026-04-04 17:03:35.564406,UK
P371,2026-03-18 17:03:35.564406,Germany
P372,2026-03-24 17:03:35.564406,UK
P373,2026-04-16 17:03:35.564406,Germany
P374,2026-03-28 17:03:35.564406,Canada
P375,2026-03-18 17:03:35.564406,USA
P376,2026-03-20 17:03:35.564406,Germany
P377,2026-04-12 17:03:35.564406,India
P378,2026-03-18 17:03:35.564406,Canada
P379,2026-04-07 17:03:35.564406,UK
P380,2026-04-13 17:03:35.564406,USA
P381,2026-03-27 17:03:35.564406,USA
P382,2026-03-20 17:03:35.564406,Canada
P383,2026-03-20 17:03:35.564406,Germany
P384,2026-04-07 17:03:35.564406,Brazil
P385,2026-04-08 17:03:35.564406,India
P386,2026-03-28 17:03:35.564406,UK
P387,2026-03-27 17:03:35.564406,Brazil
P388,2026-03-19 17:03:35.564406,Brazil
P389,2026-04-01 17:03:35.564406,Canada
P390,2026-04-17 17:03:35.564406,USA
P391,2026-04-15 17:03:35.564406,India
P392,2026-04-04 17:03:35.564406,USA
P393,2026-04-03 17:03:35.564406,Brazil
P394,2026-04-06 17:03:35.564406,Canada
P395,2026-04-11 17:03:35.564406,Canada
P396,2026-04-05 17:03:35.564406,USA
P397,2026-03-23 17:03:35.564406,India
P398,2026-04-09 17:03:35.564406,Canada
P399,2026-03-30 17:03:35.564406,UK
P400,2026-03-22 17:03:35.564406,UK
P401,2026-04-03 17:03:35.564406,USA
P402,2026-04-15 17:03:35.564406,UK
P403,2026-03-23 17:03:35.564406,India
P404,2026-03-25 17:03:35.564406,Brazil
P405,2026-04-17 17:03:35.564406,India
P406,2026-04-04 17:03:35.564406,India
P407,2026-03-25 17:03:35.564406,India
P408,2026-03-28 17:03:35.564406,UK
P409,2026-04-04 17:03:35.564406,Canada
P410,2026-04-17 17:03:35.564406,Brazil
P411,2026-04-13 17:03:35.564406,USA
P412,2026-04-09 17:03:35.564406,USA
P413,2026-03-20 17:03:35.564406,Germany
P414,2026-03-21 17:03:35.564406,Canada
P415,2026-04-03 17:03:35.564406,USA
P416,2026-03-25 17:03:35.564406,UK
P417,2026-04-01 17:03:35.564406,UK
P418,2026-04-11 17:03:35.564406,UK
P419,2026-03-22 17:03:35.564406,India
P420,2026-03-21 17:03:35.564406,Brazil
P421,2026-04-12 17:03:35.564406,Brazil
P422,2026-04-10 17:03:35.564406,UK
P423,2026-03-18 17:03:35.564406,Brazil
P424,2026-04-05 17:03:35.564406,Canada
P425,2026-04-10 17:03:35.564406,Germany
P426,2026-03-20 17:03:35.564406,Germany
P427,2026-03-21 17:03:35.564406,UK
P428,2026-03-22 17:03:35.564406,UK
P429,2026-03-27 17:03:35.564406,Canada
P430,2026-03-22 17:03:35.564406,India
P431,2026-03-31 17:03:35.564406,India
P432,2026-04-10 17:03:35.564406,USA
P433,2026-03-26 17:03:35.564406,USA
P434,2026-04-09 17:03:35.564406,India
P435,2026-04-05 17:03:35.564406,UK
P436,2026-04-06 17:03:35.564406,UK
P437,2026-04-16 17:03:35.564406,Canada
P438,2026-03-30 17:03:35.564406,Canada
P439,2026-04-01 17:03:35.564406,USA
P440,2026-04-06 17:03:35.564406,Canada
P441,2026-04-05 17:03:35.564406,Brazil
P442,2026-03-24 17:03:35.564406,India
P443,2026-04-13 17:03:35.564406,Canada
P444,2026-03-23 17:03:35.564406,UK
P445,2026-03-26 17:03:35.564406,USA
P446,2026-04-16 17:03:35.564406,USA
P447,2026-04-08 17:03:35.564406,USA
P448,2026-03-30 17:03:35.564406,Brazil
P449,2026-03-25 17:03:35.564406,USA
P450,2026-04-04 17:03:35.564406,Canada
P451,2026-04-03 17:03:35.564406,Germany
P452,2026-04-08 17:03:35.564406,Brazil
P453,2026-03-18 17:03:35.564406,India
P454,2026-03-31 17:03:35.564406,Germany
P455,2026-04-13 17:03:35.564406,USA
P456,2026-03-24 17:03:35.564406,UK
P457,2026-03-30 17:03:35.564406,UK
P458,2026-04-01 17:03:35.564406,India
P459,2026-04-12 17:03:35.564406,USA
P460,2026-04-03 17:03:35.564406,Brazil
P461,2026-03-24 17:03:35.564406,Germany
P462,2026-04-13 17:03:35.564406,Brazil
P463,2026-03-27 17:03:35.564406,Brazil
P464,2026-03-20 17:03:35.564406,USA
P465,2026-04-16 17:03:35.564406,UK
P466,2026-03-18 17:03:35.564406,Brazil
P467,2026-03-27 17:03:35.564406,USA
P468,2026-04-14 17:03:35.564406,USA
P469,2026-03-27 17:03:35.564406,Canada
P470,2026-03-18 17:03:35.564406,Germany
P471,2026-04-12 17:03:35.564406,USA
P472,2026-04-06 17:03:35.564406,UK
P473,2026-04-05 17:03:35.564406,Germany
P474,2026-04-16 17:03:35.564406,USA
P475,2026-03-31 17:03:35.564406,USA
P476,2026-03-25 17:03:35.564406,UK
P477,2026-04-13 17:03:35.564406,USA
P478,2026-04-08 17:03:35.564406,UK
P479,2026-04-11 17:03:35.564406,Canada
P480,2026-04-03 17:03:35.564406,Germany
P481,2026-03-22 17:03:35.564406,India
P482,2026-03-29 17:03:35.564406,Germany
P483,2026-04-01 17:03:35.564406,Canada
P484,2026-03-29 17:03:35.564406,Brazil
P485,2026-04-04 17:03:35.564406,UK
P486,2026-03-18 17:03:35.564406,Germany
P487,2026-03-19 17:03:35.564406,India
P488,2026-03-21 17:03:35.564406,Brazil
P489,2026-04-07 17:03:35.564406,UK
P490,2026-04-08 17:03:35.564406,UK
P491,2026-03-19 17:03:35.564406,USA
P492,2026-04-12 17:03:35.564406,Germany
P493,2026-04-04 17:03:35.564406,Brazil
P494,2026-04-04 17:03:35.564406,UK
P495,2026-03-24 17:03:35.564406,Brazil
P496,2026-04-05 17:03:35.564406,UK
P497,2026-03-23 17:03:35.564406,UK
P498,2026-04-14 17:03:35.564406,Germany
P499,2026-03-22 17:03:35.564406,Brazil
P500,2026-04-07 17:03:35.564406,India
P501,2026-04-13 17:03:35.564406,India
P502,2026-03-18 17:03:35.564406,USA
P503,2026-04-14 17:03:35.564406,Canada
P504,2026-03-20 17:03:35.564406,USA
P505,2026-04-07 17:03:35.564406,UK
P506,2026-03-20 17:03:35.564406,Germany
P507,2026-03-19 17:03:35.564406,USA
P508,2026-04-12 17:03:35.564406,Canada
P509,2026-04-09 17:03:35.564406,UK
P510,2026-03-20 17:03:35.564406,UK
P511,2026-04-03 17:03:35.564406,Canada
P512,2026-04-08 17:03:35.564406,India
P513,2026-04-08 17:03:35.564406,Canada
P514,2026-04-08 17:03:35.564406,USA
P515,2026-04-01 17:03:35.564406,USA
P516,2026-04-08 17:03:35.564406,Germany
P517,2026-04-15 17:03:35.564406,Brazil
P518,2026-04-05 17:03:35.564406,India
P519,2026-04-09 17:03:35.564406,India
P520,2026-04-11 17:03:35.564406,USA
P521,2026-04-12 17:03:35.564406,Germany
P522,2026-04-17 17:03:35.564406,Brazil
P523,2026-04-01 17:03:35.564406,India
P524,2026-04-16 17:03:35.564406,Germany
P525,2026-04-12 17:03:35.564406,Brazil
P526,2026-03-25 17:03:35.564406,Germany
P527,2026-04-05 17:03:35.564406,Brazil
P528,2026-03-18 17:03:35.564406,Brazil
P529,2026-04-16 17:03:35.564406,Germany
P530,2026-03-19 17:03:35.564406,UK
P531,2026-04-16 17:03:35.564406,Brazil
P532,2026-04-07 17:03:35.564406,Germany
P533,2026-04-03 17:03:35.564406,USA
P534,2026-03-18 17:03:35.564406,Germany
P535,2026-04-04 17:03:35.564406,Brazil
P536,2026-03-31 17:03:35.564406,Canada
P537,2026-03-29 17:03:35.564406,UK
P538,2026-04-14 17:03:35.564406,Germany
P539,2026-04-06 17:03:35.564406,USA
P540,2026-04-07 17:03:35.564406,UK
P541,2026-04-08 17:03:35.564406,Brazil
P542,2026-03-30 17:03:35.564406,India
P543,2026-03-22 17:03:35.564406,UK
P544,2026-04-05 17:03:35.564406,Germany
P545,2026-04-11 17:03:35.564406,Germany
P546,2026-04-02 17:03:35.564406,USA
P547,2026-04-14 17:03:35.564406,Canada
P548,2026-03-21 17:03:35.564406,Canada
P549,2026-04-10 17:03:35.564406,USA
P550,2026-03-18 17:03:35.564406,Canada
P551,2026-04-15 17:03:35.564406,USA
P552,2026-04-01 17:03:35.564406,Brazil
P553,2026-03-27 17:03:35.564406,Canada
P554,2026-03-24 17:03:35.564406,UK
P555,2026-04-09 17:03:35.564406,Canada
P556,2026-04-06 17:03:35.564406,UK
P557,2026-04-10 17:03:35.564406,UK
P558,2026-04-07 17:03:35.564406,UK
P559,2026-04-05 17:03:35.564406,India
P560,2026-04-01 17:03:35.564406,Brazil
P561,2026-03-24 17:03:35.564406,Brazil
P562,2026-03-20 17:03:35.564406,Germany
P563,2026-04-16 17:03:35.564406,Brazil
P564,2026-03-20 17:03:35.564406,Brazil
P565,2026-04-09 17:03:35.564406,Brazil
P566,2026-04-09 17:03:35.564406,Brazil
P567,2026-03-30 17:03:35.564406,India
P568,2026-04-14 17:03:35.564406,Brazil
P569,2026-04-10 17:03:35.564406,Germany
P570,2026-03-29 17:03:35.564406,Germany
P571,2026-03-24 17:03:35.564406,USA
P572,2026-03-28 17:03:35.564406,Germany
P573,2026-03-20 17:03:35.564406,Germany
P574,2026-04-15 17:03:35.564406,Germany
P575,2026-03-21 17:03:35.564406,India
P576,2026-04-12 17:03:35.564406,Brazil
P577,2026-03-27 17:03:35.564406,Brazil
P578,2026-04-07 17:03:35.564406,Brazil
P579,2026-04-17 17:03:35.564406,India
P580,2026-04-16 17:03:35.564406,USA
P581,2026-03-26 17:03:35.564406,UK
P582,2026-04-04 17:03:35.564406,USA
P583,2026-03-31 17:03:35.564406,India
P584,2026-03-26 17:03:35.564406,USA
P585,2026-03-18 17:03:35.564406,Canada
P586,2026-04-13 17:03:35.564406,India
P587,2026-03-25 17:03:35.564406,UK
P588,2026-04-16 17:03:35.564406,Germany
P589,2026-03-30 17:03:35.564406,Brazil
P590,2026-04-06 17:03:35.564406,Brazil
P591,2026-04-10 17:03:35.564406,USA
P592,2026-04-03 17:03:35.564406,Germany
P593,2026-03-23 17:03:35.564406,Brazil
P594,2026-03-22 17:03:35.564406,India
P595,2026-04-17 17:03:35.564406,USA
P596,2026-04-05 17:03:35.564406,USA
P597,2026-03-22 17:03:35.564406,USA
P598,2026-03-26 17:03:35.564406,India
P599,2026-03-22 17:03:35.564406,Brazil
P600,2026-04-11 17:03:35.564406,India
P601,2026-04-11 17:03:35.564406,Canada
P602,2026-03-22 17:03:35.564406,India
P603,2026-03-23 17:03:35.564406,USA
P604,2026-03-18 17:03:35.564406,Germany
P605,2026-04-15 17:03:35.564406,USA
P606,2026-03-28 17:03:35.564406,Brazil
P607,2026-04-14 17:03:35.564406,USA
P608,2026-03-21 17:03:35.564406,Brazil
P609,2026-03-19 17:03:35.564406,Brazil
P610,2026-03-20 17:03:35.564406,India
P611,2026-04-06 17:03:35.564406,UK
P612,2026-04-05 17:03:35.564406,USA
P613,2026-04-13 17:03:35.564406,Brazil
P614,2026-04-12 17:03:35.564406,USA
P615,2026-04-02 17:03:35.564406,Canada
P616,2026-03-19 17:03:35.564406,India
P617,2026-04-10 17:03:35.564406,Canada
P618,2026-04-01 17:03:35.564406,UK
P619,2026-03-19 17:03:35.564406,Canada
P620,2026-03-19 17:03:35.564406,Brazil
P621,2026-03-23 17:03:35.564406,Canada
P622,2026-03-30 17:03:35.564406,USA
P623,2026-04-02 17:03:35.564406,Canada
P624,2026-03-29 17:03:35.564406,USA
P625,2026-04-11 17:03:35.564406,UK
P626,2026-03-25 17:03:35.564406,Brazil
P627,2026-03-31 17:03:35.564406,USA
P628,2026-04-17 17:03:35.564406,Canada
P629,2026-03-19 17:03:35.564406,Germany
P630,2026-03-24 17:03:35.564406,Brazil
P631,2026-04-11 17:03:35.564406,Germany
P632,2026-03-26 17:03:35.564406,Brazil
P633,2026-04-10 17:03:35.564406,USA
P634,2026-03-24 17:03:35.564406,USA
P635,2026-03-31 17:03:35.564406,India
P636,2026-04-02 17:03:35.564406,India
P637,2026-04-01 17:03:35.564406,UK
P638,2026-04-04 17:03:35.564406,USA
P639,2026-04-02 17:03:35.564406,India
P640,2026-04-09 17:03:35.564406,India
P641,2026-03-19 17:03:35.564406,Germany
P642,2026-04-04 17:03:35.564406,UK
P643,2026-03-21 17:03:35.564406,Brazil
P644,2026-03-31 17:03:35.564406,UK
P645,2026-03-22 17:03:35.564406,USA
P646,2026-03-30 17:03:35.564406,Brazil
P647,2026-03-27 17:03:35.564406,USA
P648,2026-03-28 17:03:35.564406,USA
P649,2026-03-28 17:03:35.564406,Germany
P650,2026-04-04 17:03:35.564406,UK
P651,2026-03-23 17:03:35.564406,Canada
P652,2026-04-16 17:03:35.564406,Brazil
P653,2026-03-19 17:03:35.564406,USA
P654,2026-04-02 17:03:35.564406,Brazil
P655,2026-03-25 17:03:35.564406,USA
P656,2026-04-12 17:03:35.564406,Canada
P657,2026-04-17 17:03:35.564406,Canada
P658,2026-03-23 17:03:35.564406,Canada
P659,2026-04-09 17:03:35.564406,Brazil
P660,2026-03-20 17:03:35.564406,Germany
P661,2026-03-29 17:03:35.564406,Germany
P662,2026-04-13 17:03:35.564406,USA
P663,2026-04-02 17:03:35.564406,Germany
P664,2026-04-02 17:03:35.564406,Brazil
P665,2026-04-16 17:03:35.564406,India
P666,2026-04-17 17:03:35.564406,Germany
P667,2026-03-20 17:03:35.564406,UK
P668,2026-03-25 17:03:35.564406,Canada
P669,2026-03-21 17:03:35.564406,UK
P670,2026-03-18 17:03:35.564406,India
P671,2026-04-13 17:03:35.564406,India
P672,2026-04-12 17:03:35.564406,Brazil
P673,2026-04-05 17:03:35.564406,India
P674,2026-04-08 17:03:35.564406,India
P675,2026-04-05 17:03:35.564406,Germany
P676,2026-03-18 17:03:35.564406,USA
P677,2026-03-18 17:03:35.564406,USA
P678,2026-04-16 17:03:35.564406,UK
P679,2026-03-21 17:03:35.564406,Germany
P680,2026-04-01 17:03:35.564406,UK
P681,2026-04-08 17:03:35.564406,UK
P682,2026-04-10 17:03:35.564406,USA
P683,2026-03-19 17:03:35.564406,USA
P684,2026-03-19 17:03:35.564406,Germany
P685,2026-04-12 17:03:35.564406,Brazil
P686,2026-04-02 17:03:35.564406,USA
P687,2026-03-29 17:03:35.564406,Germany
P688,2026-04-07 17:03:35.564406,India
P689,2026-04-13 17:03:35.564406,India
P690,2026-04-10 17:03:35.564406,USA
P691,2026-04-17 17:03:35.564406,Canada
P692,2026-03-27 17:03:35.564406,Canada
P693,2026-03-19 17:03:35.564406,Brazil
P694,2026-04-02 17:03:35.564406,India
P695,2026-03-26 17:03:35.564406,UK
P696,2026-04-12 17:03:35.564406,UK
P697,2026-04-17 17:03:35.564406,Germany
P698,2026-03-24 17:03:35.564406,Germany
P699,2026-03-24 17:03:35.564406,UK
P700,2026-04-09 17:03:35.564406,UK
P701,2026-04-04 17:03:35.564406,India
P702,2026-04-15 17:03:35.564406,Canada
P703,2026-03-18 17:03:35.564406,Germany
P704,2026-03-24 17:03:35.564406,UK
P705,2026-03-20 17:03:35.564406,USA
P706,2026-03-20 17:03:35.564406,USA
P707,2026-04-16 17:03:35.564406,UK
P708,2026-04-13 17:03:35.564406,Canada
P709,2026-04-05 17:03:35.564406,Brazil
P710,2026-04-11 17:03:35.564406,UK
P711,2026-03-25 17:03:35.564406,Brazil
P712,2026-03-26 17:03:35.564406,Germany
P713,2026-04-05 17:03:35.564406,India
P714,2026-04-11 17:03:35.564406,USA
P715,2026-03-26 17:03:35.564406,India
P716,2026-03-25 17:03:35.564406,Germany
P717,2026-03-29 17:03:35.564406,UK
P718,2026-03-18 17:03:35.564406,India
P719,2026-04-17 17:03:35.564406,India
P720,2026-04-15 17:03:35.564406,Canada
P721,2026-03-22 17:03:35.564406,Brazil
P722,2026-04-08 17:03:35.564406,USA
P723,2026-03-28 17:03:35.564406,Germany
P724,2026-04-10 17:03:35.564406,Canada
P725,2026-04-12 17:03:35.564406,Germany
P726,2026-03-30 17:03:35.564406,Brazil
P727,2026-04-13 17:03:35.564406,USA
P728,2026-03-21 17:03:35.564406,Canada
P729,2026-04-09 17:03:35.564406,Brazil
P730,2026-04-05 17:03:35.564406,Brazil
P731,2026-04-17 17:03:35.564406,India
P732,2026-04-04 17:03:35.564406,Germany
P733,2026-04-02 17:03:35.564406,Germany
P734,2026-03-21 17:03:35.564406,USA
P735,2026-03-26 17:03:35.564406,India
P736,2026-04-06 17:03:35.564406,Germany
P737,2026-04-16 17:03:35.564406,USA
P738,2026-04-16 17:03:35.564406,Germany
P739,2026-04-04 17:03:35.564406,USA
P740,2026-04-11 17:03:35.564406,UK
P741,2026-03-24 17:03:35.564406,USA
P742,2026-04-17 17:03:35.564406,UK
P743,2026-03-29 17:03:35.564406,UK
P744,2026-03-24 17:03:35.564406,Canada
P745,2026-04-16 17:03:35.564406,USA
P746,2026-03-25 17:03:35.564406,Canada
P747,2026-03-26 17:03:35.564406,Brazil
P748,2026-04-11 17:03:35.564406,UK
P749,2026-04-01 17:03:35.564406,Canada
P750,2026-03-29 17:03:35.564406,Canada
P751,2026-03-19 17:03:35.564406,Canada
P752,2026-04-06 17:03:35.564406,India
P753,2026-04-13 17:03:35.564406,UK
P754,2026-03-31 17:03:35.564406,India
P755,2026-03-23 17:03:35.564406,Germany
P756,2026-03-24 17:03:35.564406,UK
P757,2026-03-26 17:03:35.564406,USA
P758,2026-04-03 17:03:35.564406,Germany
P759,2026-04-01 17:03:35.564406,Brazil
P760,2026-04-06 17:03:35.564406,India
P761,2026-04-08 17:03:35.564406,UK
P762,2026-03-23 17:03:35.564406,Germany
P763,2026-04-16 17:03:35.564406,India
P764,2026-04-01 17:03:35.564406,UK
P765,2026-03-27 17:03:35.564406,Brazil
P766,2026-04-14 17:03:35.564406,Canada
P767,2026-04-08 17:03:35.564406,USA
P768,2026-04-12 17:03:35.564406,USA
P769,2026-04-17 17:03:35.564406,UK
P770,2026-03-27 17:03:35.564406,India
P771,2026-04-14 17:03:35.564406,UK
P772,2026-03-23 17:03:35.564406,USA
P773,2026-03-18 17:03:35.564406,UK
P774,2026-03-24 17:03:35.564406,India
P775,2026-04-13 17:03:35.564406,Germany
P776,2026-04-03 17:03:35.564406,India
P777,2026-03-26 17:03:35.564406,USA
P778,2026-04-06 17:03:35.564406,USA
P779,2026-04-11 17:03:35.564406,UK
P780,2026-03-26 17:03:35.564406,Canada
P781,2026-04-12 17:03:35.564406,India
P782,2026-03-23 17:03:35.564406,Germany
P783,2026-04-08 17:03:35.564406,Canada
P784,2026-03-29 17:03:35.564406,UK
P785,2026-04-01 17:03:35.564406,UK
P786,2026-04-03 17:03:35.564406,USA
P787,2026-03-21 17:03:35.564406,India
P788,2026-04-01 17:03:35.564406,UK
P789,2026-04-07 17:03:35.564406,UK
P790,2026-03-26 17:03:35.564406,Germany
P791,2026-04-10 17:03:35.564406,UK
P792,2026-03-18 17:03:35.564406,Canada
P793,2026-03-20 17:03:35.564406,India
P794,2026-04-03 17:03:35.564406,USA
P795,2026-03-28 17:03:35.564406,Germany
P796,2026-03-27 17:03:35.564406,UK
P797,2026-03-25 17:03:35.564406,UK
P798,2026-03-29 17:03:35.564406,India
P799,2026-04-06 17:03:35.564406,Canada
P800,2026-04-12 17:03:35.564406,India
P801,2026-04-17 17:03:35.564406,Brazil
P802,2026-04-10 17:03:35.564406,India
P803,2026-03-21 17:03:35.564406,USA
P804,2026-04-01 17:03:35.564406,USA
P805,2026-04-05 17:03:35.564406,India
P806,2026-04-14 17:03:35.564406,USA
P807,2026-03-23 17:03:35.564406,Germany
P808,2026-03-24 17:03:35.564406,Germany
P809,2026-04-04 17:03:35.564406,USA
P810,2026-04-04 17:03:35.564406,India
P811,2026-04-01 17:03:35.564406,India
P812,2026-04-07 17:03:35.564406,Germany
P813,2026-03-18 17:03:35.564406,USA
P814,2026-04-03 17:03:35.564406,Canada
P815,2026-03-18 17:03:35.564406,Brazil
P816,2026-04-06 17:03:35.564406,UK
P817,2026-04-03 17:03:35.564406,Germany
P818,2026-04-10 17:03:35.564406,Brazil
P819,2026-04-15 17:03:35.564406,Brazil
P820,2026-04-13 17:03:35.564406,USA
P821,2026-04-01 17:03:35.564406,India
P822,2026-04-07 17:03:35.564406,Germany
P823,2026-04-12 17:03:35.564406,USA
P824,2026-04-01 17:03:35.564406,UK
P825,2026-03-27 17:03:35.564406,Germany
P826,2026-04-17 17:03:35.564406,UK
P827,2026-04-06 17:03:35.564406,Canada
P828,2026-03-30 17:03:35.564406,Canada
P829,2026-04-14 17:03:35.564406,Germany
P830,2026-04-13 17:03:35.564406,USA
P831,2026-04-01 17:03:35.564406,Germany
P832,2026-04-01 17:03:35.564406,Canada
P833,2026-04-06 17:03:35.564406,Germany
P834,2026-04-15 17:03:35.564406,Brazil
P835,2026-04-04 17:03:35.564406,Canada
P836,2026-03-21 17:03:35.564406,Germany
P837,2026-04-07 17:03:35.564406,Germany
P838,2026-04-15 17:03:35.564406,UK
P839,2026-03-31 17:03:35.564406,Canada
P840,2026-03-24 17:03:35.564406,Germany
P841,2026-03-26 17:03:35.564406,UK
P842,2026-04-13 17:03:35.564406,Canada
P843,2026-04-04 17:03:35.564406,UK
P844,2026-03-20 17:03:35.564406,Germany
P845,2026-04-11 17:03:35.564406,Brazil
P846,2026-03-25 17:03:35.564406,Germany
P847,2026-04-09 17:03:35.564406,USA
P848,2026-04-01 17:03:35.564406,UK
P849,2026-04-13 17:03:35.564406,USA
P850,2026-03-28 17:03:35.564406,Canada
P851,2026-04-14 17:03:35.564406,India
P852,2026-03-29 17:03:35.564406,USA
P853,2026-03-23 17:03:35.564406,USA
P854,2026-04-17 17:03:35.564406,Germany
P855,2026-04-13 17:03:35.564406,Canada
P856,2026-04-08 17:03:35.564406,USA
P857,2026-03-27 17:03:35.564406,USA
P858,2026-04-05 17:03:35.564406,Brazil
P859,2026-04-11 17:03:35.564406,India
P860,2026-04-14 17:03:35.564406,India
P861,2026-03-18 17:03:35.564406,India
P862,2026-04-01 17:03:35.564406,Brazil
P863,2026-03-29 17:03:35.564406,Germany
P864,2026-03-20 17:03:35.564406,UK
P865,2026-03-26 17:03:35.564406,India
P866,2026-04-08 17:03:35.564406,UK
P867,2026-03-26 17:03:35.564406,USA
P868,2026-04-07 17:03:35.564406,Canada
P869,2026-04-05 17:03:35.564406,Canada
P870,2026-03-28 17:03:35.564406,Germany
P871,2026-03-26 17:03:35.564406,Canada
P872,2026-03-26 17:03:35.564406,Brazil
P873,2026-04-03 17:03:35.564406,UK
P874,2026-04-07 17:03:35.564406,Canada
P875,2026-04-01 17:03:35.564406,Canada
P876,2026-03-31 17:03:35.564406,USA
P877,2026-03-31 17:03:35.564406,USA
P878,2026-03-23 17:03:35.564406,Brazil
P879,2026-03-31 17:03:35.564406,Brazil
P880,2026-03-18 17:03:35.564406,Brazil
P881,2026-04-16 17:03:35.564406,Canada
P882,2026-03-25 17:03:35.564406,UK
P883,2026-04-04 17:03:35.564406,USA
P884,2026-04-13 17:03:35.564406,India
P885,2026-03-29 17:03:35.564406,USA
P886,2026-03-27 17:03:35.564406,UK
P887,2026-04-07 17:03:35.564406,Germany
P888,2026-04-14 17:03:35.564406,Brazil
P889,2026-04-06 17:03:35.564406,Germany
P890,2026-03-29 17:03:35.564406,Canada
P891,2026-03-31 17:03:35.564406,Brazil
P892,2026-04-13 17:03:35.564406,Brazil
P893,2026-03-25 17:03:35.564406,Brazil
P894,2026-04-11 17:03:35.564406,Canada
P895,2026-03-24 17:03:35.564406,Brazil
P896,2026-04-17 17:03:35.564406,Brazil
P897,2026-04-14 17:03:35.564406,Germany
P898,2026-03-24 17:03:35.564406,USA
P899,2026-03-20 17:03:35.564406,UK
P900,2026-03-31 17:03:35.564406,UK
P901,2026-04-09 17:03:35.564406,UK
P902,2026-04-04 17:03:35.564406,USA
P903,2026-04-07 17:03:35.564406,Germany
P904,2026-03-28 17:03:35.564406,Canada
P905,2026-04-08 17:03:35.564406,Canada
P906,2026-04-05 17:03:35.564406,Canada
P907,2026-03-20 17:03:35.564406,India
P908,2026-03-29 17:03:35.564406,Brazil
P909,2026-04-05 17:03:35.564406,Brazil
P910,2026-04-14 17:03:35.564406,Canada
P911,2026-04-13 17:03:35.564406,USA
P912,2026-04-14 17:03:35.564406,USA
P913,2026-04-08 17:03:35.564406,UK
P914,2026-04-15 17:03:35.564406,Brazil
P915,2026-03-30 17:03:35.564406,UK
P916,2026-04-07 17:03:35.564406,Germany
P917,2026-04-09 17:03:35.564406,India
P918,2026-03-30 17:03:35.564406,Canada
P919,2026-04-11 17:03:35.564406,Canada
P920,2026-04-12 17:03:35.564406,Canada
P921,2026-04-10 17:03:35.564406,Germany
P922,2026-04-02 17:03:35.564406,UK
P923,2026-04-17 17:03:35.564406,Germany
P924,2026-04-01 17:03:35.564406,Germany
P925,2026-03-19 17:03:35.564406,India
P926,2026-03-19 17:03:35.564406,USA
P927,2026-03-25 17:03:35.564406,India
P928,2026-03-26 17:03:35.564406,Germany
P929,2026-03-20 17:03:35.564406,USA
P930,2026-03-25 17:03:35.564406,Germany
P931,2026-03-24 17:03:35.564406,UK
P932,2026-04-02 17:03:35.564406,Germany
P933,2026-04-09 17:03:35.564406,UK
P934,2026-04-01 17:03:35.564406,Germany
P935,2026-04-06 17:03:35.564406,Canada
P936,2026-03-24 17:03:35.564406,USA
P937,2026-03-19 17:03:35.564406,USA
P938,2026-03-31 17:03:35.564406,India
P939,2026-03-29 17:03:35.564406,Brazil
P940,2026-04-13 17:03:35.564406,Germany
P941,2026-04-17 17:03:35.564406,Brazil
P942,2026-03-26 17:03:35.564406,Canada
P943,2026-04-09 17:03:35.564406,India
P944,2026-03-22 17:03:35.564406,Brazil
P945,2026-03-18 17:03:35.564406,Brazil
P946,2026-04-02 17:03:35.564406,Germany
P947,2026-03-24 17:03:35.564406,Canada
P948,2026-04-07 17:03:35.564406,India
P949,2026-03-31 17:03:35.564406,Brazil
P950,2026-04-15 17:03:35.564406,India
P951,2026-03-26 17:03:35.564406,USA
P952,2026-04-11 17:03:35.564406,Germany
P953,2026-03-22 17:03:35.564406,India
P954,2026-04-02 17:03:35.564406,Brazil
P955,2026-03-26 17:03:35.564406,Brazil
P956,2026-04-03 17:03:35.564406,UK
P957,2026-04-09 17:03:35.564406,Brazil
P958,2026-04-08 17:03:35.564406,USA
P959,2026-03-23 17:03:35.564406,Brazil
P960,2026-04-15 17:03:35.564406,Canada
P961,2026-04-01 17:03:35.564406,Germany
P962,2026-04-03 17:03:35.564406,Canada
P963,2026-04-10 17:03:35.564406,Germany
P964,2026-04-04 17:03:35.564406,Germany
P965,2026-04-03 17:03:35.564406,Germany
P966,2026-04-07 17:03:35.564406,UK
P967,2026-04-08 17:03:35.564406,Canada
P968,2026-04-03 17:03:35.564406,Brazil
P969,2026-03-27 17:03:35.564406,USA
P970,2026-03-26 17:03:35.564406,Canada
P971,2026-04-04 17:03:35.564406,Canada
P972,2026-04-06 17:03:35.564406,USA
P973,2026-04-06 17:03:35.564406,Canada
P974,2026-03-19 17:03:35.564406,UK
P975,2026-03-28 17:03:35.564406,Canada
P976,2026-03-31 17:03:35.564406,USA
P977,2026-03-25 17:03:35.564406,Canada
P978,2026-03-18 17:03:35.564406,Canada
P979,2026-04-11 17:03:35.564406,India
P980,2026-04-11 17:03:35.564406,India
P981,2026-04-06 17:03:35.564406,India
P982,2026-03-31 17:03:35.564406,USA
P983,2026-04-12 17:03:35.564406,USA
P984,2026-04-07 17:03:35.564406,Brazil
P985,2026-03-23 17:03:35.564406,USA
P986,2026-04-10 17:03:35.564406,UK
P987,2026-04-12 17:03:35.564406,Brazil
P988,2026-03-19 17:03:35.564406,Canada
P989,2026-03-26 17:03:35.564406,Brazil
P990,2026-04-03 17:03:35.564406,UK
P991,2026-03-29 17:03:35.564406,UK
P992,2026-04-15 17:03:35.564406,UK
P993,2026-03-24 17:03:35.564406,India
P994,2026-03-23 17:03:35.564406,Brazil
P995,2026-04-14 17:03:35.564406,Brazil
P996,2026-04-11 17:03:35.564406,Brazil
P997,2026-04-05 17:03:35.564406,India
P998,2026-03-22 17:03:35.564406,Germany
P999,2026-03-18 17:03:35.564406,USA
